{"B-LOC": 0.07984866587017124, "B-MISC": 0.051075268817204304, "B-ORG": 0.08562325766626842, "B-PER": 0.11210673038630029, "O": 0.6713460772600558}