{"B-LOC->B-LOC": 1.8806183473125963e-05, "B-LOC->B-MISC": 0.00012224019257531878, "B-LOC->B-ORG": 7.052318802422236e-05, "B-LOC->B-PER": 0.0, "B-LOC->I-LOC": 0.004607514950915861, "B-LOC->I-MISC": 0.0, "B-LOC->I-ORG": 0.0, "B-LOC->I-PER": 0.0, "B-LOC->O": 0.023329070598412757, "B-MISC->B-LOC": 5.17170045510964e-05, "B-MISC->B-MISC": 0.0001598525595215707, "B-MISC->B-ORG": 0.0002115695640726671, "B-MISC->B-PER": 0.00039022830706736373, "B-MISC->I-LOC": 0.0, "B-MISC->I-MISC": 0.004428856207921165, "B-MISC->I-ORG": 0.0, "B-MISC->I-PER": 0.0, "B-MISC->O": 0.0151389776958664, "B-ORG->B-LOC": 1.8806183473125963e-05, "B-ORG->B-MISC": 4.231391281453342e-05, "B-ORG->B-ORG": 0.0, "B-ORG->B-PER": 1.4104637604844472e-05, "B-ORG->I-LOC": 0.0, "B-ORG->I-MISC": 0.0, "B-ORG->I-ORG": 0.009153909805544064, "B-ORG->I-PER": 0.0, "B-ORG->O": 0.013140820701846767, "B-PER->B-LOC": 1.8806183473125963e-05, "B-PER->B-MISC": 0.0, "B-PER->B-ORG": 0.0, "B-PER->B-PER": 0.0, "B-PER->I-LOC": 0.0, "B-PER->I-MISC": 0.0, "B-PER->I-ORG": 0.0, "B-PER->I-PER": 0.01542107044796329, "B-PER->O": 0.012609546018730959, "I-LOC->B-LOC": 4.701545868281491e-06, "I-LOC->B-MISC": 9.403091736562982e-06, "I-LOC->B-ORG": 4.701545868281491e-06, "I-LOC->B-PER": 0.0, "I-LOC->I-LOC": 0.0006347086922180012, "I-LOC->I-MISC": 0.0, "I-LOC->I-ORG": 0.0, "I-LOC->I-PER": 0.0, "I-LOC->O": 0.004574604129837891, "I-MISC->B-LOC": 9.403091736562982e-06, "I-MISC->B-MISC": 2.3507729341407456e-05, "I-MISC->B-ORG": 2.8209275209688945e-05, "I-MISC->B-PER": 1.8806183473125963e-05, "I-MISC->I-LOC": 0.0, "I-MISC->I-MISC": 0.0014997931319817956, "I-MISC->I-ORG": 0.0, "I-MISC->I-PER": 0.0, "I-MISC->O": 0.004334825290555535, "I-ORG->B-LOC": 0.0, "I-ORG->B-MISC": 1.4104637604844472e-05, "I-ORG->B-ORG": 0.0, "I-ORG->B-PER": 2.3507729341407456e-05, "I-ORG->I-LOC": 0.0, "I-ORG->I-MISC": 0.0, "I-ORG->I-ORG": 0.006530447211042991, "I-ORG->I-PER": 0.0, "I-ORG->O": 0.009097491255124684, "I-PER->B-LOC": 0.0, "I-PER->B-MISC": 0.0, "I-PER->B-ORG": 0.0, "I-PER->B-PER": 0.0, "I-PER->I-LOC": 0.0, "I-PER->I-MISC": 0.0, "I-PER->I-ORG": 0.0, "I-PER->I-PER": 0.0011659833753338098, "I-PER->O": 0.01542107044796329, "O->B-LOC": 0.02425527513446421, "O->B-MISC": 0.01759788618497762, "O->B-ORG": 0.018011622221386393, "O->B-PER": 0.022308835144995674, "O->I-LOC": 0.0, "O->I-MISC": 0.0, "O->I-ORG": 0.0, "O->I-PER": 0.0, "O->O": 0.7754823786060857}