{"O": {"O": 0.9041881372656507, "B-LOC": 0.028280890253261703, "B-PER": 0.026011402258524285, "B-MISC": 0.02051858348865256, "B-ORG": 0.021000986733910754}, "B-LOC": {"O": 0.8287957240688157, "I-LOC": 0.16368799064640052, "B-ORG": 0.0025054284282612325, "B-LOC": 0.0006681142475363287, "B-MISC": 0.004342742608986137}, "B-PER": {"O": 0.44954743546765, "I-PER": 0.5497820985584981, "B-LOC": 0.0006704659738518271}, "B-MISC": {"I-MISC": 0.21730103806228374, "O": 0.7427912341407151, "B-PER": 0.01914648212226067, "B-MISC": 0.00784313725490196, "B-ORG": 0.010380622837370242, "B-LOC": 0.0025374855824682814}, "I-MISC": {"O": 0.7329093799682035, "I-MISC": 0.25357710651828297, "B-MISC": 0.00397456279809221, "B-PER": 0.003179650238473768, "B-ORG": 0.0047694753577106515, "B-LOC": 0.001589825119236884}, "I-PER": {"O": 0.9297052154195011, "I-PER": 0.07029478458049887}, "B-ORG": {"O": 0.587431693989071, "I-ORG": 0.40920554854981084, "B-MISC": 0.0018915510718789407, "B-LOC": 0.0008406893652795292, "B-PER": 0.0006305170239596469}, "I-LOC": {"O": 0.875, "B-MISC": 0.0017985611510791368, "I-LOC": 0.12140287769784172, "B-LOC": 0.0008992805755395684, "B-ORG": 0.0008992805755395684}, "I-ORG": {"O": 0.5807322929171669, "I-ORG": 0.41686674669867946, "B-PER": 0.0015006002400960385, "B-MISC": 0.000900360144057623}}